GENE,MUTATION,0
rpoB,S450L,904
rpoB,D435V,631
rpoB,H445D,292
rpoB,H445Y,180
rpoB,S450F,82
rpoB,H445L,80
rpoB,S450W,67
rpoB,L452P,56
rpoC,E1092D,48
rpoC,G594E,46
rpoB,D435Y,44
rpoB,D435F,25
rpoB,H445C,21
rpoB,H445R,18
rpoB,L430P,18
rpoC,A172V,18
rpoC,P1040R,15
rpoC,V483A,12
rpoB,H445N,12
rpoC,I491V,10
rpoB,S441L,8
rpoC,G332S,6
rpoB,I491F,6
rpoB,Q432K,6
rpoC,I491T,5
rpoB,H445S,5
rpoB,V170F,5
rpoB,H445G,5
rpoB,S450Q,4
rpoB,S441Q,4
rpoB,Q432L,4
rpoB,H445T,3
rpoC,G1198S,3
rpoC,G433S,2
rpoB,S441M,2
rpoC,A1044V,2
rpoC,D44E,2
rpoC,N698S,2
rpoB,D435L,2
rpoB,K37R,2
rpoC,I885V,1
rpoC,P739T,1
rpoC,D869E,1
rpoC,V483G,1
rpoC,V197I,1
rpoC,V1039A,1
rpoC,F252L,1
rpoC,F452L,1
rpoC,T667M,1
rpoC,P601L,1
rpoC,P434R,1
rpoC,P1040S,1
rpoC,G945V,1
rpoC,N698K,1
rpoC,N416S,1
rpoC,D485Y,1
rpoC,L516P,1
rpoC,H525Q,1
rpoC,L527V,1
rpoA,A245V,1
rpoC,D19N,1
rpoB,I491L,1
rpoA,S53G,1
rpoA,V183G,1
rpoB,A286V,1
rpoB,D435G,1
rpoB,D571Y,1
rpoB,D634G,1
rpoB,G675D,1
rpoB,G981D,1
rpoB,H1028Y,1
rpoB,H445F,1
rpoB,H445P,1
rpoB,H445Q,1
rpoB,I491M,1
rpoB,Y308C,1
rpoB,I491Y,1
rpoB,K891T,1
rpoB,M434I,1
rpoB,M707T,1
rpoB,R448K,1
rpoA,R182Q,1
rpoB,S450V,1
rpoB,S450Y,1
rpoB,S493R,1
rpoB,V359A,1
rpoB,V496M,1
rpoB,V695L,1
rpoC,V517L,1
